Region,Average Price January 2023
East Midlands,251177.0
East of England,358114.0
London,533986.0
North East,163371.0
North West,214431.0
South East,398368.0
South West,329691.0
West Midlands,256694.0
Yorkshire and the Humber,207635.0
